,AlphaBank,BNPPariBas,BRD,BT,Erste,ING,Unicredit,Robor3M,VIX,X10Y_Bond_Yield,CURS_Valutar_Eur_Ron,Soc_Dobanda_BNR,System_Return
AlphaBank,0,0,-0.124391828863594,-0.356384294684743,-0.00440055727258911,-0.0205646177946461,-1.02885164064026,0.00291922974937996,0,0,0,-0.0444109659511717,2.41742726333176
BNPPariBas,-0.180432162106042,0,0,-0.0953200153303034,0.0050523945567332,-0.0123873437518745,0.305979848332222,-0.00131510229540619,-0.0335317493542791,0.181135286997039,0,0,1.05114795286993
BRD,-1.38777878078145e-17,-0.18185111802291,0,0.086386025721389,0,0.126473801978745,0,0.00105539033237578,0.0500976202280928,0,0,-0.0171170794354363,0.850153808883496
BT,-0.999999791617556,-0.99999987779954,-0.9999998013334,0,-0.999999758813624,-0.999999782064339,-0.999999807720807,-1.44846556316271e-10,1.72093115314583e-08,7.33950514657991e-08,0,-1.07541978131473e-08,6.99999886211791
Erste,0,0.0458720789695714,-3.46944695195361e-18,0,0,0,0,-0.00830161046371679,-0.0267353312693398,0,0,-0.015568870901546,0.65410018384783
ING,-0.999990276581504,-0.999990197893186,-0.999990026081426,-0.999993513863711,-0.999989739240275,0,-0.999995183800014,7.57899112515043e-09,-1.52143531955387e-07,0,0,4.05672895908338e-07,6.99994085674272
Unicredit,0,0.477978920006332,-0.275476670742202,0.00665377365002938,0,-0.22750488733782,0,0,-0.123202499104822,0,0,0.0136223176681849,0.469535839560548
Robor3M,-0.164664307103879,-13.6135110218189,11.8377028937922,29.9583397043557,0,0,0,0,6.17093575735779,26.1700874041768,0,1.16217637529739,0
VIX,0.06717998148473,0.0389585538260809,-0.374608542944245,0.166427008796421,-0.480579424858857,0.746516259116564,0,0,0,-1.02706414042259,2.94928041138462,-0.142549790206006,0
X10Y_Bond_Yield,-0.025352683343911,0.319197079053423,-0.0693921101209543,0.101956394562642,0.190358070736486,-0.236165436119407,-0.349612213858426,-0.00227052027902377,0.0667589448978479,0,0,0.090273097418981,0
CURS_Valutar_Eur_Ron,-0.00362285549750357,0.0156258498636027,-0.0759020388709678,0,-0.00275822314950563,0.0153612151624805,0,0.000183066813133205,0.00325537912974876,0.0416920287722581,0,-0.00546680630180939,0
Soc_Dobanda_BNR,0,0,0,0,0,0,0,0,0,0,0,0,0
System_Return,0.142857194636374,0.142857041502241,0.142856856650176,0.142856868943121,0.142857124626508,0.142856904240925,0.142857175766146,-6.67641191919949e-10,-3.21647906972346e-08,0,0,0,0
