"lag","direction","from","to","F_stat","p_value","signif"
1,"AlphaBank -> FRM","AlphaBank","FRM",7.8685,0.005,"***"
1,"FRM -> AlphaBank","FRM","AlphaBank",48.9129,0,"***"
1,"BNPPariBas -> FRM","BNPPariBas","FRM",27.6661,0,"***"
1,"FRM -> BNPPariBas","FRM","BNPPariBas",104.2295,0,"***"
1,"BRD -> FRM","BRD","FRM",28.2445,0,"***"
1,"FRM -> BRD","FRM","BRD",100.4859,0,"***"
1,"BT -> FRM","BT","FRM",18.1109,0,"***"
1,"FRM -> BT","FRM","BT",70.065,0,"***"
1,"Erste -> FRM","Erste","FRM",0.8844,0.347,""
1,"FRM -> Erste","FRM","Erste",151.0902,0,"***"
1,"ING -> FRM","ING","FRM",0.0062,0.9375,""
1,"FRM -> ING","FRM","ING",173.3109,0,"***"
1,"Unicredit -> FRM","Unicredit","FRM",4.4982,0.034,"**"
1,"FRM -> Unicredit","FRM","Unicredit",124.6073,0,"***"
5,"AlphaBank -> FRM","AlphaBank","FRM",1.8472,0.1002,""
5,"FRM -> AlphaBank","FRM","AlphaBank",3.2906,0.0057,"***"
5,"BNPPariBas -> FRM","BNPPariBas","FRM",3.1653,0.0074,"***"
5,"FRM -> BNPPariBas","FRM","BNPPariBas",8.689,0,"***"
5,"BRD -> FRM","BRD","FRM",3.5423,0.0034,"***"
5,"FRM -> BRD","FRM","BRD",6.5224,0,"***"
5,"BT -> FRM","BT","FRM",4.9539,2e-04,"***"
5,"FRM -> BT","FRM","BT",3.9728,0.0013,"***"
5,"Erste -> FRM","Erste","FRM",1.9468,0.0833,"*"
5,"FRM -> Erste","FRM","Erste",11.2205,0,"***"
5,"ING -> FRM","ING","FRM",1.2345,0.2899,""
5,"FRM -> ING","FRM","ING",11.7585,0,"***"
5,"Unicredit -> FRM","Unicredit","FRM",4.0089,0.0012,"***"
5,"FRM -> Unicredit","FRM","Unicredit",9.1173,0,"***"
10,"AlphaBank -> FRM","AlphaBank","FRM",1.7124,0.072,"*"
10,"FRM -> AlphaBank","FRM","AlphaBank",1.5366,0.1196,""
10,"BNPPariBas -> FRM","BNPPariBas","FRM",1.7442,0.0654,"*"
10,"FRM -> BNPPariBas","FRM","BNPPariBas",3.1872,4e-04,"***"
10,"BRD -> FRM","BRD","FRM",2.5078,0.0053,"***"
10,"FRM -> BRD","FRM","BRD",1.7876,0.0574,"*"
10,"BT -> FRM","BT","FRM",3.5642,1e-04,"***"
10,"FRM -> BT","FRM","BT",5.7073,0,"***"
10,"Erste -> FRM","Erste","FRM",1.4004,0.1732,""
10,"FRM -> Erste","FRM","Erste",4.3156,0,"***"
10,"ING -> FRM","ING","FRM",6.0475,0,"***"
10,"FRM -> ING","FRM","ING",3.5952,1e-04,"***"
10,"Unicredit -> FRM","Unicredit","FRM",2.9363,0.0011,"***"
10,"FRM -> Unicredit","FRM","Unicredit",3.2666,3e-04,"***"
22,"AlphaBank -> FRM","AlphaBank","FRM",1.039,0.4102,""
22,"FRM -> AlphaBank","FRM","AlphaBank",1.0853,0.3542,""
22,"BNPPariBas -> FRM","BNPPariBas","FRM",1.2972,0.1592,""
22,"FRM -> BNPPariBas","FRM","BNPPariBas",1.3935,0.104,""
22,"BRD -> FRM","BRD","FRM",1.3139,0.1482,""
22,"FRM -> BRD","FRM","BRD",0.7339,0.8082,""
22,"BT -> FRM","BT","FRM",2.973,0,"***"
22,"FRM -> BT","FRM","BT",4.2911,0,"***"
22,"Erste -> FRM","Erste","FRM",1.0873,0.3519,""
22,"FRM -> Erste","FRM","Erste",1.6855,0.0235,"**"
22,"ING -> FRM","ING","FRM",8.2566,0,"***"
22,"FRM -> ING","FRM","ING",0.9999,0.4603,""
22,"Unicredit -> FRM","Unicredit","FRM",1.5605,0.046,"**"
22,"FRM -> Unicredit","FRM","Unicredit",1.1584,0.2751,""
