,AlphaBank,BNPPariBas,BRD,BT,Erste,ING,Unicredit,Robor3M,VIX,CURS_Valutar_Eur_Ron,System_Return
AlphaBank,0,-0.351193583357364,-0.470707649003211,-0.688357926524395,-0.512246257410385,-0.451902890235085,0,0.00311937380974479,0.0228465439691015,0,3.76696491978875
BNPPariBas,0,0,-0.123224245880817,-0.062678181904536,-0.0625812647549511,-0.014505409977376,0.362101821669187,0,-0.0432329282779462,0.132990042665659,0.850007975888824
BRD,-0.999989982122827,-0.999958725197654,0,-0.999976253093049,-0.999968515240975,-0.999974292000302,-0.99997449376456,-5.41305690723737e-08,-6.61744490042422e-24,0,6.99983740562693
BT,-0.300338558123408,-0.45515339065012,-0.248117621512619,0,-0.390583942852563,-0.343663231823429,0,-0.00238409892032319,0.0122033635460511,0,2.68516276663465
Erste,-0.221143091081242,0.536545973180744,-0.0629625412498456,-0.221286111255321,0,0,-0.370178435019307,0.000880423154862966,-0.0251061532854123,0,0.98139687222905
ING,-0.316559348728088,0,-0.485562094208998,-0.243192498305497,-0.0342942151982247,0,-0.85003851598263,-0.00243476525052965,0,0,2.55311485842026
Unicredit,-0.999945688216786,-0.99993781110751,-0.999964856431514,-0.999966345456056,-0.999956861002451,-0.999953439749395,0,1.66929491416173e-07,1.30823299827272e-06,0,6.99970668820954
Robor3M,1.60966502667805,-16.0672360443948,7.13810510311864,-7.28463198004304,35.40238421092,0,0,0,-1.30723995487024,-27.6987900493375,0
VIX,-0.36551949846608,-1.90671366630793,-0.375350040949824,0.296178762200183,0.670386475041446,-0.0572197625890557,0.988875712288504,-0.0210411449970439,0,0,0
CURS_Valutar_Eur_Ron,-0.0387504435294988,0,-0.108416807301194,-0.013905517769285,0,-0.0464734699827885,-0.0460102516822811,-0.000279957460951049,0.0101237010913705,0,0
System_Return,0.142857139429811,0.142857076751157,0.142857103524238,0.142857157576533,0.142857160686029,0.142857100526019,0.142857136987551,4.35710155781547e-10,-7.52044719913371e-09,0,0
